Pomorskie;Bytowski;Borzytuchom;Borzytuchom;Jutrzenka 13, Sklep
Pomorskie;Bytowski;Borzytuchom;Borzytuchom;Konstytucji 3 Maja
Pomorskie;Bytowski;Borzytuchom;Borzytuchom;Zwycięstwa 16
Pomorskie;Bytowski;Borzytuchom;Borzytuchom;Zwycięstwa 56
Pomorskie;Bytowski;Borzytuchom;Krosnowo;Krosnowo 2
Pomorskie;Bytowski;Bytów;Bytów;Domacińskiego 1-3
Pomorskie;Bytowski;Bytów;Bytów;Gostkowo 7C
Pomorskie;Bytowski;Bytów;Bytów;Pomysk Wielki, Posesja Nr 23
Pomorskie;Bytowski;Bytów;Bytów;Przemysłowa 7
Pomorskie;Bytowski;Bytów;Bytów;Sienkiewicza 12
Pomorskie;Bytowski;Bytów;Bytów;Sienkiewicza 8
Pomorskie;Bytowski;Bytów;Bytów;Słoneczna 26
Pomorskie;Bytowski;Bytów;Bytów;Słoneczna 32
Pomorskie;Bytowski;Bytów;Bytów;Szeroka 14
Pomorskie;Bytowski;Bytów;Bytów;Zwycięstwa 12
Pomorskie;Bytowski;Bytów;Bytów;Zwycięstwa 20
Pomorskie;Bytowski;Bytów;Bytów;Zwycięstwa 7
Pomorskie;Bytowski;Czarna Dąbrówka;Bochowo;Za Placem Zabaw
Pomorskie;Bytowski;Czarna Dąbrówka;Bochówko;Przystanek Pks
Pomorskie;Bytowski;Czarna Dąbrówka;Czarna Dąbrówka;Bytowska/Cicha Przy Blokach
Pomorskie;Bytowski;Czarna Dąbrówka;Czarna Dąbrówka;Stare Bloki: Ul. Słupska Obok Kosza Na Śmieci
Pomorskie;Bytowski;Czarna Dąbrówka;Czarna Dąbrówka;Zatoczka Na Osiedlu Obok Cmentarza
Pomorskie;Bytowski;Czarna Dąbrówka;Jasień;Koło Starego Zbiornika
Pomorskie;Bytowski;Czarna Dąbrówka;Jasień;Nowe Osiedle
Pomorskie;Bytowski;Czarna Dąbrówka;Jerzkowice;Przy Przystanku Pks
Pomorskie;Bytowski;Czarna Dąbrówka;Kleszczyniec;Obok Stawu Ppoż
Pomorskie;Bytowski;Czarna Dąbrówka;Kozy;Przy Boisku
Pomorskie;Bytowski;Czarna Dąbrówka;Mikorowo;Przy Remizie
Pomorskie;Bytowski;Czarna Dąbrówka;Nożynko;Na Górce Przy Drodze Gminnej
Pomorskie;Bytowski;Czarna Dąbrówka;Nożyno;Pętla Za Szkołą
Pomorskie;Bytowski;Czarna Dąbrówka;Nożyno;Za Domem Wiejskim
Pomorskie;Bytowski;Czarna Dąbrówka;Podkomorzyce;Koniec Asfaltu
Pomorskie;Bytowski;Czarna Dąbrówka;Rokiciny;Koło Remizy Osp
Pomorskie;Bytowski;Czarna Dąbrówka;Rokity;Centrum
Pomorskie;Bytowski;Czarna Dąbrówka;Rokity;Koło Cmentarza
Pomorskie;Bytowski;Czarna Dąbrówka;Rokity;Koło Szkoły
Pomorskie;Bytowski;Czarna Dąbrówka;Unichowo;Na Przeciwko Krzyża
Pomorskie;Bytowski;Kołczygłowy;Górki;Górki Nr 11
Pomorskie;Bytowski;Kołczygłowy;Kołczygłowy;Słupska Nr 48
Pomorskie;Bytowski;Lipnica;Borowy Młyn;Oś.500-Lecia Borowego Młyna 7(Boisko)
Pomorskie;Bytowski;Lipnica;Borzyszkowy;Borzyszkowy 23
Pomorskie;Bytowski;Lipnica;Brzeźno Szlacheckie;Brzeźno Szlacheckie 57
Pomorskie;Bytowski;Lipnica;Gliśno Wielkie;Gliśno Wielkie 20
Pomorskie;Bytowski;Lipnica;Lipnica;Górna 2
Pomorskie;Bytowski;Lipnica;Lipnica;Kościelna 5
Pomorskie;Bytowski;Lipnica;Lipnica;Ostrowite 4
Pomorskie;Bytowski;Miastko;Miastko;Armii Krajowej 15: Urząd Mienia Komunalnego
Pomorskie;Bytowski;Miastko;Miastko;Generala Maczka 16
Pomorskie;Bytowski;Miastko;Miastko;Konopnickiej 2
Pomorskie;Bytowski;Miastko;Miastko;Konstytucji 3 Maja 8
Pomorskie;Bytowski;Miastko;Miastko;Konstytucji 3 Maja 9
Pomorskie;Bytowski;Miastko;Miastko;Kowalska 1
Pomorskie;Bytowski;Miastko;Miastko;Młodzieżowa 7
Pomorskie;Bytowski;Miastko;Miastko;Niepodległości 17
Pomorskie;Bytowski;Miastko;Miastko;Niepodległości 23
Pomorskie;Bytowski;Miastko;Miastko;Osiedle Niepodleglosci 18
Pomorskie;Bytowski;Miastko;Miastko;Piastowska 5
Pomorskie;Bytowski;Miastko;Miastko;Podlaska 13
Pomorskie;Bytowski;Miastko;Miastko;Rodzinna2
Bytowski;Miastko;Miastko;Słupska 15;
Bytowski;Miastko;Miastko;Sosnowa 5;
Bytowski;Miastko;Miastko;Wielkopolska 5;
Bytowski;Miastko;Miastko;Wybickiego 10;
Bytowski;Miastko;Miastko;Wybickiego 37;
Bytowski;Miastko;Miastko;Wybickiego 49;
Bytowski;Miastko;Świerzyno;Świerzyno 5;
Bytowski;Parchowo;Bawernica;W Pobliżu Posesji Nr 3;
Bytowski;Parchowo;Chośnica;Chośnica 7;
Bytowski;Parchowo;Jamno;Jamno 5;
Bytowski;Parchowo;Jeleńcz;Przy Przystanku;
Bytowski;Parchowo;Nakla;Długa;
Bytowski;Parchowo;Nakla;Długa: Przystanek;
Bytowski;Parchowo;Nowa Wieś;Naprzeciw Posesji Nr 5, Obok Sklepu;
Bytowski;Parchowo;Parchowo;Bytowska;
Bytowski;Parchowo;Parchowo;Kartuska Osp;
Bytowski;Parchowo;Parchowo;Parking Przed Plebanią;
Bytowski;Parchowo;Sylczno;Sylczno Parking,;
Bytowski;Parchowo;Żukówko;Żukówko 17A;
Bytowski;Studzienice;Półczno;Półczno 25(Parking);
Bytowski;Studzienice;Przewóz;Przewóz 6(Przepompownia);
Bytowski;Studzienice;Skwierawy;Skwierawy 8(Osp);
Bytowski;Studzienice;Sominy;Sominy 13;
Bytowski;Studzienice;Studzienice;Kaszubska 11(Parking);
Bytowski;Studzienice;Studziennice;Kłączno, Pks;
Bytowski;Studzienice;Ugoszcz;Ugoszcz 5;
Bytowski;Studzienice;Wygoda;Wygoda 8(Pks);
Bytowski;Trzebielino;Trzebielino;Bożanka 3A;
Bytowski;Trzebielino;Trzebielino;Cetyń, Eko;
Bytowski;Trzebielino;Trzebielino;Cetyń, Śmietniki,Eko;
Bytowski;Trzebielino;Trzebielino;Dretyń 91, Sklep;
Bytowski;Trzebielino;Trzebielino;Dretyń Kapliczka Droga Na Łubno;
Bytowski;Trzebielino;Trzebielino;Dretyń Os. Słoneczne,Garaże;
Bytowski;Trzebielino;Trzebielino;Dretyń Ul. Burczyna,Eko;
Bytowski;Trzebielino;Trzebielino;Dretyń, Przystanek;
Bytowski;Trzebielino;Trzebielino;Kramarzyny Ul. Pomorska Pks;
Bytowski;Trzebielino;Trzebielino;Objezierze Eko;
Bytowski;Trzebielino;Trzebielino;Suchorze Ul.Szkolna Eko;
Bytowski;Trzebielino;Trzebielino;Suchorze, Eko;
Bytowski;Trzebielino;Trzebielino;Suchorze, Parking Kościół;
Bytowski;Trzebielino;Trzebielino;Trzebielino 82, Śmietniki,Eko;
Bytowski;Trzebielino;Trzebielino;Trzebielino 87 Parking;
Bytowski;Trzebielino;Trzebielino;Trzebielino Osp;
Bytowski;Trzebielino;Trzebielino;Trzebielino, Eko;
Bytowski;Trzebielino;Trzebielino;Zielin 22;
Bytowski;Trzebielino;Trzebielino;Zielin,Droga Główna,Eko;
Bytowski;Tuchomie;Ciemno;Ciemno 32;
Bytowski;Tuchomie;Kramarzyny;Pomorska 45;
Bytowski;Tuchomie;Kramarzyny;Sezamkowa 6;
Bytowski;Tuchomie;Masłowice Trzebiatowskie;Masłowice Trzebiatowskie 37;
Bytowski;Tuchomie;Masłowice Tuchomskie;Masłowice Tuchomskie 26;
Bytowski;Tuchomie;Masłowice Tuchomskie;Masłowice Tuchomskie 6;
Bytowski;Tuchomie;Masłowiczki;Masłowiczki 15;
Bytowski;Tuchomie;Modrzejewo;Modrzejewo 37;
Bytowski;Tuchomie;Nowe Huty;Nowe Huty 10;
Bytowski;Tuchomie;Piaszno;Piaszno 12;
Bytowski;Tuchomie;Tągowie;Tągowie 27;
Bytowski;Tuchomie;Trzebiatkowa;Trzebiatkowa 23;
Bytowski;Tuchomie;Trzebiatkowa;Trzebiatkowa 37;
Bytowski;Tuchomie;Tuchomie;Adama Mickiewicza 20;
Pomorskie;Bytowski;Tuchomie;Tuchomie;Jana 3 Sobieskiego 57
Pomorskie;Bytowski;Tuchomie;Tuchomie;Kościelna 1
Pomorskie;Bytowski;Tuchomie;Tuchomie;Mickiewicza 1
Pomorskie;Bytowski;Tuchomie;Tuchomie;Zagony 8
Pomorskie;Bytowski;Tuchomie;Tuchomko;Tuchomko 17
Pomorskie;Chojnicki;Chojnice;Chojnice;Bałtycka Boisko
Pomorskie;Chojnicki;Chojnice;Chojnice;Bytowska 17
Pomorskie;Chojnicki;Chojnice;Chojnice;Czynu Zbrojeniowego Kolejarzy 18
Pomorskie;Chojnicki;Chojnice;Chojnice;Filomatów 36
Pomorskie;Chojnicki;Chojnice;Chojnice;Jednosci Robotniczej 26
Pomorskie;Chojnicki;Chojnice;Chojnice;Krasickiego 11
Pomorskie;Chojnicki;Chojnice;Chojnice;Książąt Pomorskich 4
Pomorskie;Chojnicki;Chojnice;Chojnice;Małeosady 13
Pomorskie;Chojnicki;Chojnice;Chojnice;Młodzieżowa 9
Pomorskie;Chojnicki;Chojnice;Chojnice;Morelowa 32
Pomorskie;Chojnicki;Chojnice;Chojnice;Obrońców Chojnic 11
Pomorskie;Chojnicki;Chojnice;Chojnice;Składowa 2F
Pomorskie;Chojnicki;Chojnice;Chojnice;Wielewska 5
Pomorskie;Chojnicki;Chojnice;Chojnice;Żeromskiego 33
Pomorskie;Chojnicki;Chojnice;Ciechocin;Ciechocin 35 Przy Świetlicy
Pomorskie;Chojnicki;Chojnice;Grunowo;Grunowo 1
Pomorskie;Chojnicki;Chojnice;Klosnowo Sklep;Klosnowo Sklep
Pomorskie;Chojnicki;Chojnice;Ogorzeliny;Ogorzeliny Szkoła
Pomorskie;Chojnicki;Chojnice;Ostrowite;Ostrowite Szkoła
Pomorskie;Chojnicki;Chojnice;Pawłowo;Pawłowo Szkoła
Pomorskie;Człuchowski;Czarne;Czarne;Al.Zwycięzcow 3
Pomorskie;Człuchowski;Czarne;Czarne;Mickiewicza/Cicha 2
Pomorskie;Człuchowski;Czarne;Czarne;Parkowa 12
Pomorskie;Człuchowski;Czarne;Czarne;Plac Moniuszki 1
Pomorskie;Człuchowski;Czarne;Czarne;Polna 2
Pomorskie;Człuchowski;Czarne;Czarne;Strzelecka 8
Pomorskie;Człuchowski;Czarne;Czarne;Świerczewskiego 7
Pomorskie;Człuchowski;Czarne;Koczala;Zielona 2
Pomorskie;Człuchowski;Człuchów;Bukowo;nr 25
Pomorskie;Człuchowski;Człuchów;Człuchów;Oś.Wazów 1
Pomorskie;Człuchowski;Człuchów;Człuchów;Oś.Witosa 3
Pomorskie;Człuchowski;Człuchów;Człuchów;Oś.Witosa 8
Pomorskie;Człuchowski;Człuchów;Człuchów;Wojska Polskiego 58D
Pomorskie;Człuchowski;Człuchów;Człuchów;Zamkowa7A
Pomorskie;Człuchowski;Człuchów;Ględowo;nr 47
Pomorskie;Człuchowski;Człuchów;Ględowo;nr 34
Pomorskie;Człuchowski;Człuchów;Rychnowy;nr 39
Pomorskie;Człuchowski;Debrzno;Debrzno;Górna 3
Pomorskie;Człuchowski;Debrzno;Debrzno;Ogrodowa 13
Pomorskie;Człuchowski;Debrzno;Debrzno;Ogrodowa 19
Pomorskie;Człuchowski;Debrzno;Debrzno;Ogrodowa 27
Pomorskie;Człuchowski;Debrzno;Debrzno;Ogrodowa 5
Pomorskie;Człuchowski;Debrzno;Debrzno;Osiedle 35-Leciaprl10
Pomorskie;Człuchowski;Debrzno;Debrzno;Osiedle 35-Leciaprl10
Pomorskie;Człuchowski;Debrzno;Debrzno;Przechodnia 13
Pomorskie;Człuchowski;Debrzno;Słupia;Słupia 38A
Pomorskie;Człuchowski;Debrzno;Stare Gronowo;Stare Gronowo 16
Pomorskie;Człuchowski;Debrzno;Stare Gronowo;Stare Gronowo 48
Pomorskie;Człuchowski;Koczała;Bielsko;Bielsko 10
Pomorskie;Człuchowski;Koczała;Koczala;Czluchowska
Pomorskie;Człuchowski;Koczała;Koczala;Zielona 2
Pomorskie;Człuchowski;Koczała;Koczała;Targowisko
Pomorskie;Człuchowski;Koczała;Łękinia;Łękinia 8
Pomorskie;Człuchowski;Koczała;Pietrzykowo;Pietrzykowo 24
Pomorskie;Człuchowski;Koczała;Starzno;Starzno 5 Osp
Pomorskie;Człuchowski;Przechlewo;Przechlewo;Gops
Pomorskie;Człuchowski;Przechlewo;Szczytno;Boisko
Pomorskie;Człuchowski;Rzeczenica;Brzezie;Koszalińska 65
Pomorskie;Człuchowski;Rzeczenica;Gackowo;nr 11
Pomorskie;Człuchowski;Rzeczenica;Rzeczenica;Gwieżdzin 18
Pomorskie;Człuchowski;Rzeczenica;Rzeczenica;Lipowa 3
Pomorskie;Człuchowski;Rzeczenica;Rzeczenica;Międzybórz
Pomorskie;Gdańsk;01-Osowa;Gdańsk;Homera/Międzygwiezdna
Pomorskie;Gdańsk;01-Osowa;Gdańsk;Junony 88
Pomorskie;Gdańsk;01-Osowa;Gdańsk;Orfeusza 6
Pomorskie;Gdańsk;02-Matarnia;Gdańsk;Podchorążych 10
Pomorskie;Gdańsk;02-Matarnia;Gdańsk;Elewów
Pomorskie;Gdańsk;02-Matarnia;Gdańsk;Harfowa
Pomorskie;Gdańsk;02-Matarnia;Gdańsk;Harfowa 17
Pomorskie;Gdańsk;02-Matarnia;Gdańsk;Radiowa 12
Pomorskie;Gdańsk;02-Matarnia;Gdańsk;Wiolinowa/Harfowa
Pomorskie;Gdańsk;03-Kokoszki;Gdańsk;Jabłoniowa 48 Biedronka
Pomorskie;Gdańsk;03-Kokoszki;Gdańsk;Morelowa/Turzynowa
Pomorskie;Gdańsk;04-Oliwa;Gdańsk;Grottgera 30A
Pomorskie;Gdańsk;04-Oliwa;Gdańsk;Grunwaldzka 577
Pomorskie;Gdańsk;04-Oliwa;Gdańsk;Grunwaldzka 591
Pomorskie;Gdańsk;04-Oliwa;Gdańsk;Michałowskiego 29
Pomorskie;Gdańsk;04-Oliwa;Gdańsk;Norblina 27
Pomorskie;Gdańsk;04-Oliwa;Gdańsk;Paneckiego 19
Pomorskie;Gdańsk;04-Oliwa;Gdańsk;Rodakowskiego 1
Pomorskie;Gdańsk;04-Oliwa;Gdańsk;Tatrzańska 3
Pomorskie;Gdańsk;04-Oliwa;Gdańsk;Wita Swosza 55
Pomorskie;Gdańsk;07-Zaspa;Gdańsk;Burzynskiego 6A
Pomorskie;Gdańsk;07-Zaspa;Gdańsk;Burzyńskiego 6 G
Pomorskie;Gdańsk;07-Zaspa;Gdańsk;Burzyńskiego 8A
Pomorskie;Gdańsk;07-Zaspa;Gdańsk;Byrzyńskiego 12G
Pomorskie;Gdańsk;07-Zaspa;Gdańsk;Ciolkowskiego 3/5
Pomorskie;Gdańsk;07-Zaspa;Gdańsk;Ciołkowskiego 7
Pomorskie;Gdańsk;07-Zaspa;Gdańsk;Dywizjonu 303 25
Pomorskie;Gdańsk;07-Zaspa;Gdańsk;Dywizjonu 303 33C
Pomorskie;Gdańsk;07-Zaspa;Gdańsk;Kombatantów 1
Pomorskie;Gdańsk;07-Zaspa;Gdańsk;Meissnera 10/12
Pomorskie;Gdańsk;07-Zaspa;Gdańsk;Meissnera 13
Pomorskie;Gdańsk;07-Zaspa;Gdańsk;Meissnera 16A
Pomorskie;Gdańsk;07-Zaspa;Gdańsk;Meissnera 18A
Pomorskie;Gdańsk;07-Zaspa;Gdańsk;Meissnera 6
Pomorskie;Gdańsk;07-Zaspa;Gdańsk;Nagórskiego 5A
Pomorskie;Gdańsk;07-Zaspa;Gdańsk;Nagórskiego 7A
Pomorskie;Gdańsk;07-Zaspa;Gdańsk;Pilotów 23
Pomorskie;Gdańsk;07-Zaspa;Gdańsk;Pilotów 8
Pomorskie;Gdańsk;07-Zaspa;Gdańsk;Startowa 17
Pomorskie;Gdańsk;07-Zaspa;Gdańsk;Startowa 19
Pomorskie;Gdańsk;07-Zaspa;Gdańsk;Żwirki I Wigury 14A
Pomorskie;Gdańsk;07-Zaspa;Gdańsk;Żwirki I Wigury 14F
Pomorskie;Gdańsk;07-Zaspa;Gdańsk;Żwirki I Wigury 3
Pomorskie;Gdańsk;08-Wrzeszcz;Gdańsk;Bohomolca 3A-E
Pomorskie;Gdańsk;08-Wrzeszcz;Gdańsk;Góralska 15
Pomorskie;Gdańsk;08-Wrzeszcz;Gdańsk;Góralska 18B
Pomorskie;Gdańsk;08-Wrzeszcz;Gdańsk;Góralska 51
Pomorskie;Gdańsk;08-Wrzeszcz;Gdańsk;Góralska 57
Pomorskie;Gdańsk;08-Wrzeszcz;Gdańsk;Góralska 61
Pomorskie;Gdańsk;08-Wrzeszcz;Gdańsk;Góralska 69
Pomorskie;Gdańsk;08-Wrzeszcz;Gdańsk;Góralska 9
Pomorskie;Gdańsk;08-Wrzeszcz;Gdańsk;Grudzińskiego 6
Pomorskie;Gdańsk;08-Wrzeszcz;Gdańsk;Kościuszki 109 Biedronka
Pomorskie;Gdańsk;08-Wrzeszcz;Gdańsk;Leśna Góra 29
Pomorskie;Gdańsk;08-Wrzeszcz;Gdańsk;Mazowiecka 5
Pomorskie;Gdańsk;08-Wrzeszcz;Gdańsk;Partyzantów 107-109
Pomorskie;Gdańsk;08-Wrzeszcz;Gdańsk;Partyzantów 91-91
Pomorskie;Gdańsk;08-Wrzeszcz;Gdańsk;Reymonta /Zubrzyckiego
Pomorskie;Gdańsk;08-Wrzeszcz;Gdańsk;Róży Ostrowskiej 4
Pomorskie;Gdańsk;08-Wrzeszcz;Gdańsk;Słowackiego 10
Pomorskie;Gdańsk;08-Wrzeszcz;Gdańsk;Słowackiego 36A
Pomorskie;Gdańsk;08-Wrzeszcz;Gdańsk;Słowackiego 47-51
Pomorskie;Gdańsk;08-Wrzeszcz;Gdańsk;Słowackiego 57A
Pomorskie;Gdańsk;08-Wrzeszcz;Gdańsk;Sobieskiego 72
Pomorskie;Gdańsk;08-Wrzeszcz;Gdańsk;Trawki 11
Pomorskie;Gdańsk;08-Wrzeszcz;Gdańsk;Wyspiańskiego 30A
Pomorskie;Gdańsk;08-Wrzeszcz;Gdańsk;Zubrzyckiego 23
Pomorskie;Gdańsk;09-Piecki;Gdańsk;Amundsena 5C
Pomorskie;Gdańsk;09-Piecki;Gdańsk;Arctowskiego 12B
Pomorskie;Gdańsk;09-Piecki;Gdańsk;Bulońska 14
Pomorskie;Gdańsk;09-Piecki;Gdańsk;Bulońska 46
Pomorskie;Gdańsk;09-Piecki;Gdańsk;Czecha 11
Pomorskie;Gdańsk;09-Piecki;Gdańsk;Czecha 2
Pomorskie;Gdańsk;09-Piecki;Gdańsk;Czecha 5
Pomorskie;Gdańsk;09-Piecki;Gdańsk;Dobrowolskiego 3
Pomorskie;Gdańsk;09-Piecki;Gdańsk;Gojawiczyńskiej 3C
Pomorskie;Gdańsk;09-Piecki;Gdańsk;Jaszczurczego 9
Pomorskie;Gdańsk;09-Piecki;Gdańsk;Jaśkowa Dolina 81
Pomorskie;Gdańsk;09-Piecki;Gdańsk;Kolumba 2
Pomorskie;Gdańsk;09-Piecki;Gdańsk;Kruczkowskiego 15
Pomorskie;Gdańsk;09-Piecki;Gdańsk;Kruczkowskiego 17
Pomorskie;Gdańsk;09-Piecki;Gdańsk;Marusarzówny 11
Pomorskie;Gdańsk;09-Piecki;Gdańsk;Marusarzówny 5
Pomorskie;Gdańsk;09-Piecki;Gdańsk;Myczkowska 8
Pomorskie;Gdańsk;09-Piecki;Gdańsk;Myczkowskiego 4
Pomorskie;Gdańsk;09-Piecki;Gdańsk;Myczkowskiego 5
Pomorskie;Gdańsk;09-Piecki;Gdańsk;Piecewska 20
Pomorskie;Gdańsk;09-Piecki;Gdańsk;Piecewska 28/30
Pomorskie;Gdańsk;09-Piecki;Gdańsk;Powstania Kościuszkowskiego
Pomorskie;Gdańsk;09-Piecki;Gdańsk;Powstania Listopadowego 3
Pomorskie;Gdańsk;09-Piecki;Gdańsk;Powstania Listopadowego Przed Pawilonami
Pomorskie;Gdańsk;09-Piecki;Gdańsk;Powstania Styczniowego 5
Pomorskie;Gdańsk;09-Piecki;Gdańsk;Warmińska 16
Pomorskie;Gdańsk;09-Piecki;Gdańsk;Warneńska 7
Pomorskie;Gdańsk;09-Piecki;Gdańsk;Wileńska 57
Pomorskie;Gdańsk;09-Piecki;Gdańsk;Wileńska 59C
Pomorskie;Gdańsk;09-Piecki;Gdańsk;Wyrobka 2
Pomorskie;Gdańsk;09-Piecki;Gdańsk;Wyrobka 9
Pomorskie;Gdańsk;09-Piecki;Gdańsk;Zabłockiego 3
Pomorskie;Gdańsk;10-Suchanino;Gdańsk;Bethovena Przy Biedronce
Pomorskie;Gdańsk;10-Suchanino;Gdańsk;Bethovena Stacja Lotos
Pomorskie;Gdańsk;10-Suchanino;Gdańsk;Cygańska Góra 20
Pomorskie;Gdańsk;10-Suchanino;Gdańsk;Cygańska Góra 26
Pomorskie;Gdańsk;10-Suchanino;Gdańsk;Cygańska Góra 7B
Pomorskie;Gdańsk;10-Suchanino;Gdańsk;Czajkowskiego 1
Pomorskie;Gdańsk;10-Suchanino;Gdańsk;Focha 6
Pomorskie;Gdańsk;10-Suchanino;Gdańsk;Goszyńskiego 24
Pomorskie;Gdańsk;10-Suchanino;Gdańsk;Kamienskiego 1
Pomorskie;Gdańsk;10-Suchanino;Gdańsk;Kurpińskiego 14
Pomorskie;Gdańsk;10-Suchanino;Gdańsk;Kurpińskiego 15
Pomorskie;Gdańsk;10-Suchanino;Gdańsk;Liszta 2
Pomorskie;Gdańsk;10-Suchanino;Gdańsk;Noskowskiego 15
Pomorskie;Gdańsk;10-Suchanino;Gdańsk;Noskowskiego 5 B
Pomorskie;Gdańsk;10-Suchanino;Gdańsk;Noskowskiego 7
Pomorskie;Gdańsk;10-Suchanino;Gdańsk;Paderewskiego 2
Pomorskie;Gdańsk;10-Suchanino;Gdańsk;Paderewskiego 4Ab
Pomorskie;Gdańsk;10-Suchanino;Gdańsk;Paganiniego 13
Pomorskie;Gdańsk;10-Suchanino;Gdańsk;Paganiniego 9
Pomorskie;Gdańsk;10-Suchanino;Gdańsk;Poniatowskiego 15
Pomorskie;Gdańsk;10-Suchanino;Gdańsk;Powstańców Warszawskich 70
Pomorskie;Gdańsk;15-Śródmieście;Gdańsk;Bądkowskiego 1
Pomorskie;Gdańsk;15-Śródmieście;Gdańsk;Bądkowskiego/Zagórna
Pomorskie;Gdańsk;15-Śródmieście;Gdańsk;Dziewanowskiego 5
Pomorskie;Gdańsk;15-Śródmieście;Gdańsk;Jaskółcza 6
Pomorskie;Gdańsk;15-Śródmieście;Gdańsk;Kurkowa 2 Siedziba Pck
Pomorskie;Gdańsk;15-Śródmieście;Gdańsk;Pod Zrębem/Dolna Brama
Pomorskie;Gdańsk;15-Śródmieście;Gdańsk;Sieroca/Osiek
Pomorskie;Gdańsk;16-Chełm;Gdańsk;Chałubińskiego 19
Pomorskie;Gdańsk;16-Chełm;Gdańsk;Chałubińskiego 28
Pomorskie;Gdańsk;16-Chełm;Gdańsk;Cieszyńskiego 20
Pomorskie;Gdańsk;16-Chełm;Gdańsk;Cieszyńskiego 4 E
Pomorskie;Gdańsk;16-Chełm;Gdańsk;Cieszyńskiego 56A
Pomorskie;Gdańsk;16-Chełm;Gdańsk;Dragana 17
Pomorskie;Gdańsk;16-Chełm;Gdańsk;Hebanowskiego 72
Pomorskie;Gdańsk;16-Chełm;Gdańsk;Jabłońskiego 6 D
Pomorskie;Gdańsk;16-Chełm;Gdańsk;Odrzańska 21
Pomorskie;Gdańsk;16-Chełm;Gdańsk;Stoczniowa/Smarkowa
Pomorskie;Gdańsk;16-Chełm;Gdańsk;Witosa 9 D
Pomorskie;Gdańsk;17-Orunia;Gdańsk;11 Listopada 55
Pomorskie;Gdańsk;17-Orunia;Gdańsk;Antczaka 6
Pomorskie;Gdańsk;17-Orunia;Gdańsk;Bergiela 4B
Pomorskie;Gdańsk;17-Orunia;Gdańsk;Białowieska/Niepołomicka
Pomorskie;Gdańsk;17-Orunia;Gdańsk;Bieszczadzka/Karkonoska
Pomorskie;Gdańsk;17-Orunia;Gdańsk;Brzegi 5
Pomorskie;Gdańsk;17-Orunia;Gdańsk;Brzegi Podmiejska
Pomorskie;Gdańsk;17-Orunia;Gdańsk;Burskiego 10
Pomorskie;Gdańsk;17-Orunia;Gdańsk;Dąbka Przedszkole
Pomorskie;Gdańsk;17-Orunia;Gdańsk;Dominika 7
Pomorskie;Gdańsk;17-Orunia;Gdańsk;Drużyn Strzeleckich 69
Pomorskie;Gdańsk;17-Orunia;Gdańsk;Dywizji Wołyńskiej 11
Pomorskie;Gdańsk;17-Orunia;Gdańsk;Dywizji Wołyńskiej 8
Pomorskie;Gdańsk;17-Orunia;Gdańsk;Gościnna 13
Pomorskie;Gdańsk;17-Orunia;Gdańsk;Grabowa
Pomorskie;Gdańsk;17-Orunia;Gdańsk;Guderskiego 2A
Pomorskie;Gdańsk;17-Orunia;Gdańsk;Hokejowa Biedronka
Pomorskie;Gdańsk;17-Orunia;Gdańsk;Hokejowa/Podleckiego
Pomorskie;Gdańsk;17-Orunia;Gdańsk;Jagiellońska 15
Pomorskie;Gdańsk;17-Orunia;Gdańsk;Jagiellońska 5
Pomorskie;Gdańsk;17-Orunia;Gdańsk;Jagielońska 22
Pomorskie;Gdańsk;17-Orunia;Gdańsk;Jeleniogórska 37
Pomorskie;Gdańsk;17-Orunia;Gdańsk;Knyszyńska 12
Pomorskie;Gdańsk;17-Orunia;Gdańsk;Knyszyńska 4
Pomorskie;Gdańsk;17-Orunia;Gdańsk;Kolorowa 6
Pomorskie;Gdańsk;17-Orunia;Gdańsk;Kolorowa 9
Pomorskie;Gdańsk;17-Orunia;Gdańsk;Kryształowa 1
Pomorskie;Gdańsk;17-Orunia;Gdańsk;Łucznicza 16
Pomorskie;Gdańsk;17-Orunia;Gdańsk;Łucznicza\Wielkopolska
Pomorskie;Gdańsk;17-Orunia;Gdańsk;Madalińskiego 3
Pomorskie;Gdańsk;17-Orunia;Gdańsk;Niepołomicka/Starogardzka
Pomorskie;Gdańsk;17-Orunia;Gdańsk;Nowosądecka Parking
Pomorskie;Gdańsk;17-Orunia;Gdańsk;Ofiar Grudnia 70/Tenisowa
Pomorskie;Gdańsk;17-Orunia;Gdańsk;Olimpijska 56
Pomorskie;Gdańsk;17-Orunia;Gdańsk;Piotrkowska /Nowosądecka
Pomorskie;Gdańsk;17-Orunia;Gdańsk;Platynowa 21
Pomorskie;Gdańsk;17-Orunia;Gdańsk;Przebiśniegowa 5
Pomorskie;Gdańsk;17-Orunia;Gdańsk;Przyjemna/Urocza
Pomorskie;Gdańsk;17-Orunia;Gdańsk;Rozrażewskiego 4
Pomorskie;Gdańsk;17-Orunia;Gdańsk;Równa 46
Pomorskie;Gdańsk;17-Orunia;Gdańsk;Serbska/Ubocze
Pomorskie;Gdańsk;17-Orunia;Gdańsk;Smoleńska 20
Pomorskie;Gdańsk;17-Orunia;Gdańsk;Srebrna 28
Pomorskie;Gdańsk;17-Orunia;Gdańsk;Trakt Sw Wojciecha 213
Pomorskie;Gdańsk;17-Orunia;Gdańsk;Ubocze 24B
Pomorskie;Gdańsk;17-Orunia;Gdańsk;Ukośna 7
Pomorskie;Gdańsk;17-Orunia;Gdańsk;Uranowa 5
Pomorskie;Gdańsk;17-Orunia;Gdańsk;Warszawska 55
Pomorskie;Gdańsk;17-Orunia;Gdańsk;Warszawska 59
Pomorskie;Gdańsk;17-Orunia;Gdańsk;Wawelska 4A
Pomorskie;Gdańsk;17-Orunia;Gdańsk;Wielkopolska
Pomorskie;Gdańsk;17-Orunia;Gdańsk;Żuławska 4
Pomorskie;Gdańsk;18-Stogi;Gdańsk;Bratki
Pomorskie;Gdańsk;18-Stogi;Gdańsk;Jodłowa 6
Pomorskie;Gdańsk;18-Stogi;Gdańsk;Kieturakisa
Pomorskie;Gdańsk;18-Stogi;Gdańsk;Lenartowicza 10
Pomorskie;Gdańsk;18-Stogi;Gdańsk;Niska 2 C
Pomorskie;Gdańsk;18-Stogi;Gdańsk;Polonusa 11
Pomorskie;Gdańsk;18-Stogi;Gdańsk;Siennicka 10
Pomorskie;Gdańsk;18-Stogi;Gdańsk;Tamka 1
Pomorskie;Gdańsk;18-Stogi;Gdańsk;Tamka 29
Pomorskie;Gdańsk;18-Stogi;Gdańsk;Tamka 43
Pomorskie;Gdańsk;18-Stogi;Gdańsk;Zalesie 10
Pomorskie;Gdańsk;18-Stogi;Gdańsk;Zimna 2
Pomorskie;Gdańsk;19-Olszynka;Gdańsk;Bluszczowa 38
Pomorskie;Gdańsk;19-Olszynka;Gdańsk;Łanowa 37
Pomorskie;Gdańsk;19-Olszynka;Gdańsk;Miedzia 5
Pomorskie;Gdańsk;19-Olszynka;Gdańsk;Miedzia 6
Pomorskie;Gdańsk;19-Olszynka;Gdańsk;Osiedle 4
Pomorskie;Gdańsk;23-Jasień-Ujeścisko;Gdańsk;Damroki 18
Pomorskie;Gdańsk;23-Jasień-Ujeścisko;Gdańsk;Damroki 1A
Pomorskie;Gdańsk;23-Jasień-Ujeścisko;Gdańsk;Kartuska 345
Pomorskie;Gdańsk;23-Jasień-Ujeścisko;Gdańsk;Myśliwska 100 Za Pepco
Pomorskie;Gdańsk;23-Jasień-Ujeścisko;Gdańsk;Pólnicy 19
Pomorskie;Gdańsk;23-Jasień-Ujeścisko;Gdańsk;Rycerza Blizbora 31
Pomorskie;Gdańsk;23-Jasień-Ujeścisko;Gdańsk;Stolema 54
Pomorskie;Gdański;Cedry Wielkie;Długie Pole;Centrum Sportowo Rekreacyjne
Pomorskie;Gdański;Cedry Wielkie;Kiezmark;Wiślana Świetlica Wiejska
Pomorskie;Gdański;Cedry Wielkie;Koszwały;Lipowa/Kwiatowa
Pomorskie;Gdański;Cedry Wielkie;Miłocin;Plac Zabaw
Pomorskie;Gdański;Cedry Wielkie;Stanisławowo;Boisko Sportowe
Pomorskie;Gdański;Kolbudy;Bąkowo;Plac Zabaw
Pomorskie;Gdański;Kolbudy;Kolbudy;Spacerowa 3
Pomorskie;Gdański;Kolbudy;Kowale;Heliosa/Apolina
Pomorskie;Gdański;Pruszcz Gdański;Będzieszyn;Pszok
Pomorskie;Gdański;Pruszcz Gdański;Borkowo;Akacjowa 11F
Pomorskie;Gdański;Pruszcz Gdański;Pruszcz Gdański;1 Maja 2
Pomorskie;Gdański;Pruszcz Gdański;Pruszcz Gdański;Chełmońskiego 20A
Pomorskie;Gdański;Pruszcz Gdański;Pruszcz Gdański;Fantazego/Beniowskiego
Pomorskie;Gdański;Pruszcz Gdański;Pruszcz Gdański;Gałczyńskiego 16 Poczta.
Pomorskie;Gdański;Pruszcz Gdański;Pruszcz Gdański;Jana Z Kolna 1
Pomorskie;Gdański;Pruszcz Gdański;Pruszcz Gdański;Słoneczna 8
Pomorskie;Gdański;Pruszcz Gdański;Pruszcz Gdański;Tysiąclecia Pcpr
Pomorskie;Gdański;Pruszcz Gdański;Pruszcz Gdański;Tysiąclecia/Niepodległości
Pomorskie;Gdański;Pruszcz Gdański;Rotmanka;Faustyny/Gerberowa
Pomorskie;Gdański;Pruszcz Gdański;Wiślina;Gpszok
Pomorskie;Gdański;Pruszcz Gdański;Wiślina;Pszok
Pomorskie;Gdański;Przywidz;Przywidz;Cisowa Parking
Pomorskie;Gdański;Przywidz;Przywidz;Gdańska 7
Pomorskie;Gdański;Przywidz;Przywidz;Jesionowa Eco
Pomorskie;Gdański;Trąbki Wielkie;Błotnia;9C Koło Sklepu
Pomorskie;Gdański;Trąbki Wielkie;Czastkowo;Przy Przystanku
Pomorskie;Gdański;Trąbki Wielkie;Czerniewo;Droga Główna
Pomorskie;Gdański;Trąbki Wielkie;Domachowo;Blok 17
Pomorskie;Gdański;Trąbki Wielkie;Drzewina;Krzyżówka
Pomorskie;Gdański;Trąbki Wielkie;Ełganowo;Asfaltowa 4
Pomorskie;Gdański;Trąbki Wielkie;Gołębiewko;Świetlica 39
Pomorskie;Gdański;Trąbki Wielkie;Gołębiewo Srednie;Lawendowa
Pomorskie;Gdański;Trąbki Wielkie;Gołębiewo Wielkie;Konwaliowa
Pomorskie;Gdański;Trąbki Wielkie;Graniczna Wieś;Jarzębinowa 1
Pomorskie;Gdański;Trąbki Wielkie;Kaczki;Przystanek
Pomorskie;Gdański;Trąbki Wielkie;Kleszczewo;Szkolna Szkarszewska
Pomorskie;Gdański;Trąbki Wielkie;Kłodawa;Gdańska Szkolna
Pomorskie;Gdański;Trąbki Wielkie;Mierzeszyn;Kasztanowa 2
Pomorskie;Gdański;Trąbki Wielkie;Mierzeszyn;Wolności 35
Pomorskie;Gdański;Trąbki Wielkie;Pawłowo;Nr Domu 21
Pomorskie;Gdański;Trąbki Wielkie;Postolowo;Przy Skrzyżowaniu
Pomorskie;Gdański;Trąbki Wielkie;Postołowo;Przystanek
Pomorskie;Gdański;Trąbki Wielkie;Sobowidz;Kościuszki 20
Pomorskie;Gdański;Trąbki Wielkie;Sobowidz;Morenowa 4
Pomorskie;Gdański;Trąbki Wielkie;Trąbki Małe;Kwiatowa Przystanek
Pomorskie;Gdański;Trąbki Wielkie;Trąbki Wielkie;Akacjowa Plac Zabaw
Pomorskie;Gdański;Trąbki Wielkie;Trąbki Wielkie;Parkowa Słup Trafo
Pomorskie;Gdański;Trąbki Wielkie;Trąbki Wielkie;Pawłowskiej Kaplica
Pomorskie;Gdański;Trąbki Wielkie;Trąbki Wielkie;Sportowa Parking
Pomorskie;Gdański;Trąbki Wielkie;Trąbki Wielkie;Sportowa Szkoła
Pomorskie;Gdański;Trąbki Wielkie;Warcz;Przy Budynku 15A
Pomorskie;Gdański;Trąbki Wielkie;Zaskoczyn;Koło Przystanku
Pomorskie;Gdański;Trąbki Wielkie;Zła Wieś;Przystanek Trafo
Pomorskie;Gdynia;Gdynia;Gdynia;Jantarowa 78(Parking)
Pomorskie;Gdynia;Gdynia;Gdynia;Jantarowa 78(Parking)
Pomorskie;Gdynia;Gdynia;Gdynia;Perłowa 18(Garaże)
Pomorskie;Gdynia;Gdynia;Gdynia;Perłowa 20
Pomorskie;Gdynia;Gdynia;Gdynia;Perłowa 6
Pomorskie;Gdynia;Gdynia Południe;Gdynia;Limbowa 31
Pomorskie;Gdynia;Gdynia Północ;Gdynia;Biskupa Jana Dantyszka 2E
Pomorskie;Gdynia;Gdynia Północ;Gdynia;Biskupa Jana Dantyszka 4E
Pomorskie;Gdynia;Gdynia Północ;Gdynia;Horyda 32 (Wiata Śmietnikowa)
Pomorskie;Gdynia;Gdynia Północ;Gdynia;Joachima Lelewela 9B
Pomorskie;Gdynia;Gdynia Północ;Gdynia;Porębskiego 13
Pomorskie;Gdynia;Gdynia Północ;Gdynia;Porębskiego 15 (Wiata Śmietnikowa)
Pomorskie;Gdynia;Gdynia Północ;Gdynia;Romanowskiego 36
Pomorskie;Gdynia;Gdynia Północ;Gdynia;Romanowskiego 42/44
Pomorskie;Gdynia;Gdynia Północ;Gdynia;Steyera 7 (Wiata Śmietnikowa)
Pomorskie;Gdynia;Gdynia Północ;Gdynia;Steyera 9
Pomorskie;Gdynia;Gdynia Północ;Gdynia;Szpunara 3
Pomorskie;Gdynia;Gdynia Północ;Gdynia;Żeliwna 10-12
Pomorskie;Gdynia;Gdynia Północ;Gdynia;Żeliwna 5 (Wiata Śmietnikowa)
Pomorskie;Kartuski;Chmielno;Garcz;Kartuska 6
Pomorskie;Kartuski;Chmielno;Miechucino;Szkolna 8
Pomorskie;Kartuski;Kartuzy;Dzierzazno;Osp
Pomorskie;Kartuski;Kartuzy;Lapalice Osp;Osp
Pomorskie;Kartuski;Kartuzy;Brodnica Górna;Kartuska 2
Pomorskie;Kartuski;Kartuzy;Brodnica Grna;Osp
Pomorskie;Kartuski;Kartuzy;Kartuzy;Derdowskiego 2
Pomorskie;Kartuski;Kartuzy;Kartuzy;Derdowskiego 3A
Pomorskie;Kartuski;Kartuzy;Kartuzy;Derdowskiego 4
Pomorskie;Kartuski;Kartuzy;Kartuzy;Derdowskiego3F
Pomorskie;Kartuski;Kartuzy;Kartuzy;Krasickiego/Prokowska
Pomorskie;Kartuski;Kartuzy;Kartuzy;Nowe Osiedle 3
Pomorskie;Kartuski;Kartuzy;Kartuzy;Osiedle Xx-Lecia Prl 10
Pomorskie;Kartuski;Kartuzy;Kartuzy;Prokowska 27-29
Pomorskie;Kartuski;Kartuzy;Kartuzy;Sędzickiego 24
Pomorskie;Kartuski;Kartuzy;Kartuzy;Sędzickiego 6
Pomorskie;Kartuski;Kartuzy;Kartuzy;Sędzickiego 7
Pomorskie;Kartuski;Kartuzy;Kartuzy;Wybickiego 1
Pomorskie;Kartuski;Kartuzy;Kartuzy;Wybickiego 11
Pomorskie;Kartuski;Kartuzy;Kartuzy;Wybickiego 11A
Pomorskie;Kartuski;Kartuzy;Kartuzy;Wybickiego 16
Pomorskie;Kartuski;Kartuzy;Kartuzy;Wybickiego 20
Pomorskie;Kartuski;Kartuzy;Kartuzy;Wybickiego 23
Pomorskie;Kartuski;Kartuzy;Kartuzy;Wybickiego 28
Pomorskie;Kartuski;Kartuzy;Kartuzy;Wybickiego 8
Pomorskie;Kartuski;Kartuzy;Kartuzy;Wzgorze Wolnosci Parking
Pomorskie;Kartuski;Kartuzy;Kartuzy;Kolejowa
Pomorskie;Kartuski;Kartuzy;Karyuzy;Sikorskiego 4
Pomorskie;Kartuski;Kartuzy;Kaszuby;Wybickiego 7
Pomorskie;Kartuski;Kartuzy;Kiepino;Swierkowa 1
Pomorskie;Kartuski;Kartuzy;Krtuzy;Wybickiego 5A
Pomorskie;Kartuski;Kartuzy;Mirachowo;Osp
Pomorskie;Kartuski;Kartuzy;Pomieczyska Huta;Osp
Pomorskie;Kartuski;Kartuzy;Sianowska Huta;Osp
Pomorskie;Kartuski;Kartuzy;Sierakowice;Wichrowe Wzgórze 1
Pomorskie;Kartuski;Kartuzy;Staniszewo;Osp
Pomorskie;Kartuski;Kartuzy;Żukowo;Armi Krajowej 19A
Pomorskie;Kartuski;Przodkowo;Czeczewo;Parking Kościół
Pomorskie;Kartuski;Przodkowo;Kczewo;Plac Zabaw
Pomorskie;Kartuski;Przodkowo;Kłosowo;Spacerowa
Pomorskie;Kartuski;Przodkowo;Kobysewo;Sklep
Pomorskie;Kartuski;Przodkowo;Kosowo;Sklep
Pomorskie;Kartuski;Przodkowo;Młynek;Pks
Pomorskie;Kartuski;Przodkowo;Nowe Tokary;Przepompownia
Pomorskie;Kartuski;Przodkowo;Pomieczyno;Kościół
Pomorskie;Kartuski;Przodkowo;Pomieczyno;Spacerowa 6
Pomorskie;Kartuski;Przodkowo;Pomieczyno;Cmentarz
Pomorskie;Kartuski;Przodkowo;Przodkowo;Majkowskiego Parking
Pomorskie;Kartuski;Przodkowo;Przodkowo;Parking Gminny
Pomorskie;Kartuski;Przodkowo;Przodkowo;Szkoła Podstawowa
Pomorskie;Kartuski;Przodkowo;Przodkowo;Za Strumykiem
Pomorskie;Kartuski;Przodkowo;Rąb;Przy Przedszkolu
Pomorskie;Kartuski;Przodkowo;Smądzino;Osp
Pomorskie;Kartuski;Przodkowo;Szarłata;Szkoła
Pomorskie;Kartuski;Przodkowo;Tokary;Osp
Pomorskie;Kartuski;Przodkowo;Trzy Rzeki;Skrzyżowanie Obok Krzyża
Pomorskie;Kartuski;Przodkowo;Warzenko;Boisko
Pomorskie;Kartuski;Przodkowo;Warzenko;Parking
Pomorskie;Kartuski;Przodkowo;Wilalowo;Szkoła
Pomorskie;Kartuski;Przodkowo;Załęże;Pks
Pomorskie;Kartuski;Somonino;Egiertowo;Sklep Abc Parking
Pomorskie;Kartuski;Stężyca;Szymbrak;Koło Osp
Pomorskie;Kartuski;Żukowo;Babi Dół;Babi Dół 22
Pomorskie;Kartuski;Żukowo;Lniska;Szmaragdowa 1
Pomorskie;Kartuski;Żukowo;Niestępowo;Raduńska 78
Pomorskie;Kartuski;Żukowo;Niestępowo;Raduńska 85
Pomorskie;Kartuski;Żukowo;Niestępowo;Raduńska/Jesionowa
Pomorskie;Kartuski;Żukowo;Żukowo;Mickiewicza 4
Pomorskie;Kościerski;Kościerzyna;Kościerzyna;1000-Leci 5
Pomorskie;Kościerski;Kościerzyna;Kościerzyna;1000-Lecia 13
Pomorskie;Kościerski;Kościerzyna;Kościerzyna;8-Go Marca 47/48
Pomorskie;Kościerski;Kościerzyna;Kościerzyna;Curie-Skłodowskiej 2
Pomorskie;Kościerski;Kościerzyna;Kościerzyna;Długa 14/14A
Pomorskie;Kościerski;Kościerzyna;Kościerzyna;Drogowców 4
Pomorskie;Kościerski;Kościerzyna;Kościerzyna;Drogowców 6
Pomorskie;Kościerski;Kościerzyna;Kościerzyna;Dworcowa 25
Pomorskie;Kościerski;Kościerzyna;Kościerzyna;Dworcowa 6:Parking
Pomorskie;Kościerski;Kościerzyna;Kościerzyna;Jeziorna 12
Pomorskie;Kościerski;Kościerzyna;Kościerzyna;Jeziorna 3
Pomorskie;Kościerski;Kościerzyna;Kościerzyna;Kartuska 9
Pomorskie;Kościerski;Kościerzyna;Kościerzyna;Lipowa 3
Pomorskie;Kościerski;Kościerzyna;Kościerzyna;Małcużyńskiego 8
Pomorskie;Kościerski;Kościerzyna;Kościerzyna;Młyńska 6
Pomorskie;Kościerski;Kościerzyna;Kościerzyna;Tkaczyka 3
Pomorskie;Kościerski;Kościerzyna;Kościerzyna;Traugutta 4
Pomorskie;Kościerski;Lipusz;Lipusz;Targowa 3
Pomorskie;Kościerski;Stara Kiszewa;Stara Kiszewa;Wyzwolenia 14
Pomorskie;Kościerski;Stara Kiszewa;Stara Kiszewa;Wyzwolenia 17
Pomorskie;Kwidzyński;Gardeja;Czarne Dolne;1000-Lecia 17
Pomorskie;Kwidzyński;Gardeja;Gardeja;Chełmińska
Pomorskie;Kwidzyński;Gardeja;Gardeja;Modrzewiowa/Sportowa
Pomorskie;Kwidzyński;Gardeja;Gardeja;Wodna 2
Pomorskie;Kwidzyński;Gardeja;Otłowiec;Otłowiec 21B
Pomorskie;Kwidzyński;Kwidzyn;Kwidzyn;Chrobrego 2
Pomorskie;Kwidzyński;Kwidzyn;Kwidzyn;Chrobrego 6
Pomorskie;Kwidzyński;Kwidzyn;Kwidzyn;Graniczn
Pomorskie;Kwidzyński;Kwidzyn;Kwidzyn;Mickiewicza 13
Pomorskie;Kwidzyński;Kwidzyn;Kwidzyn;Mickiewicza 9
Pomorskie;Kwidzyński;Kwidzyn;Kwidzyn;Mlynarska 2
Pomorskie;Kwidzyński;Kwidzyn;Kwidzyn;Staszica 26
Pomorskie;Kwidzyński;Kwidzyn;Kwidzyn;Staszica 32
Pomorskie;Kwidzyński;Kwidzyn;Kwidzyn;Warszawska 47
Pomorskie;Kwidzyński;Kwidzyn;Kwidzyń;Baczyńskiego 2A
Kwidzyński;Kwidzyn;Kwidzyń;Kwidzyń;Gębika 3(Hallera)
Kwidzyński;Kwidzyn;Kwidzyń;Kwidzyń;Graniczna 4
Kwidzyński;Kwidzyn;Kwidzyń;Kwidzyń;Krańcowa 14A
Kwidzyński;Kwidzyn;Kwidzyń;Kwidzyń;Makuszyńskiego 15
Kwidzyński;Kwidzyn;Kwidzyń;Kwidzyń;Nadrzeczna 5
Kwidzyński;Kwidzyn;Kwidzyń;Kwidzyń;Piastowska 23
Kwidzyński;Kwidzyn;Kwidzyń;Kwidzyń;Sokola 1
Kwidzyński;Kwidzyn;Kwidzyń;Kwidzyń;Spółdzielcza 14
Kwidzyński;Kwidzyn;Kwidzyń;Kwidzyń;Śliska 2
Kwidzyński;Kwidzyn;Kwidzyń;Kwidzyń;Toruńska 14
Kwidzyński;Kwidzyn;Kwidzyń;Kwidzyń;Wiślana
Kwidzyński;Kwidzyn;Kwidzyń;Kwidzyń;Wschodnia 3A
Kwidzyński;Prabuty;Prabuty;Białachowo;Kościół
Kwidzyński;Prabuty;Prabuty;Nebrowo;Przystanek Pks
Kwidzyński;Prabuty;Prabuty;Okrągła Łąka;Sklep
Kwidzyński;Prabuty;Prabuty;Rozpędziny;Rozpędziny
Kwidzyński;Ryjewo;Ryjewo;Jarzębina;Jarzębina 14
Kwidzyński;Ryjewo;Ryjewo;Ryjewo;Ryjewo
Kwidzyński;Ryjewo;Ryjewo;Ryjewo;Straszewo
Kwidzyński;Ryjewo;Ryjewo;Watkowice Małe;nr 12
Kwidzyński;Sadlinki;Sadlinki;Grabowo;Świetlica
Kwidzyński;Sadlinki;Sadlinki;Nebrowo Wielkie;Przyst
Kwidzyński;Sadlinki;Sadlinki;Nebrowo Wielkie;Szkolna
Kwidzyński;Sadlinki;Sadlinki;Okrągła Łąka;Sklep Abc
Kwidzyński;Sadlinki;Sadlinki;Sadlinki;Brzozowa 21
Kwidzyński;Sadlinki;Sadlinki;Sadlinki;Kwidzyńska 21
Lęborski;Cewice;Cewice;Cewice;Juliana Węgrzynowicza 14
Lęborski;Cewice;Cewice;Cewice;Oś.40-Lecia Prl 14(Traffo)
Lęborski;Cewice;Cewice;Cewice;Oś.40-Lecia Prl 2(Eco)
Lęborski;Cewice;Cewice;Cewice;Oś.40-Lecia Prl 32(Eco)
Lęborski;Cewice;Cewice;Cewice;Oś.40-Lecia Prl 4(Eco)
Lęborski;Cewice;Cewice;Cewice;Pkwn (Przystanek Pks)
Lęborski;Cewice;Cewice;Cewice;Pkwn 2
Lęborski;Cewice;Cewice;Cewice;Przy Cmentarzu
Lęborski;Cewice;Cewice;Cewice;Witosa 18
Lęborski;Cewice;Cewice;Cewice;Witosa 23
Lęborski;Cewice;Cewice;Maszewo Lęborskie;Drewniana 19
Lęborski;Cewice;Cewice;Osowo Lęborskie;Osowo Lęborskie (Przystanek)
Lęborski;Cewice;Cewice;Siemirowice;Oś. Na Skarpie (Wiata Śmietnikowa)
Lęborski;Cewice;Cewice;Siemirowice;Oś. Na Skarpie 13
Lęborski;Cewice;Cewice;Siemirowice;Oś. Na Skarpie 3
Lęborski;Lębork;Lębork;Lębork;Leonida Teligi 16(Garaże)
Lęborski;Lębork;Lębork;Lębork;Teligi/Łaska(Garaże)
Lęborski;Nowa Wieś Lęborska;Nowa Wieś Lęborska;Bąsewice;Bąsewice 3 (Przystanek)
Lęborski;Nowa Wieś Lęborska;Nowa Wieś Lęborska;Darżewo;Darżewo 20 (Bloki)
Lęborski;Nowa Wieś Lęborska;Nowa Wieś Lęborska;Dziechlino;Dziechlino (Przystanek)
Lęborski;Nowa Wieś Lęborska;Nowa Wieś Lęborska;Garczegorze;Garczegorze 2 (Sklep)
Lęborski;Nowa Wieś Lęborska;Nowa Wieś Lęborska;Janowice;Janowice (Na Przeciw Kościoła)
Lęborski;Nowa Wieś Lęborska;Nowa Wieś Lęborska;Janowiczki;Janowiczki (Przystanek)
Lęborski;Nowa Wieś Lęborska;Karlikowo Lęborskie;Karlikowo Lęborskie;Karlikowo Lęborskie (Świetlica)
Lęborski;Nowa Wieś Lęborska;Kębłowo Nowowiejskie;Kębłowo Nowowiejskie;Kębłowo Nowowiejskie (Droga Za Przystankiem)
Lęborski;Nowa Wieś Lęborska;Kębłowo Nowowiejskie;Kębłowo Nowowiejskie;Kębłowo Nowowiejskie 26 (Sklep)
Lęborski;Nowa Wieś Lęborska;Krępa Kaszubska;Krępa Kaszubska;Krępa Kaszubska 64 (Boisko)
Lęborski;Nowa Wieś Lęborska;Leśnice;Leśnice;Leśnice 1 (Bloki)
Lęborski;Nowa Wieś Lęborska;Leśnice;Leśnice;Leśnice 22 (Bloki)
Lęborski;Nowa Wieś Lęborska;Lędziechowo;Lędziechowo;Lędziechowo 17 (Przystanek)
Lęborski;Nowa Wieś Lęborska;Lubowidz;Lubowidz;Lubowidz (Pętla Autobusowa)
Lęborski;Nowa Wieś Lęborska;Łebień;Łebień;Łebień 97 (Osiedle)
Lęborski;Nowa Wieś Lęborska;Łebień;Łebień;Łebień 97 (Osiedle)
Lęborski;Nowa Wieś Lęborska;Mosty;Mosty;Długa (Pętla Autobusowa)
Lęborski;Nowa Wieś Lęborska;Mosty;Mosty;Kolejowa 26 (Traffo)
Lęborski;Nowa Wieś Lęborska;Niebędzino;Niebędzino;Niebędzino (Przystanek)
Lęborski;Nowa Wieś Lęborska;Nowa Wieś Lęborska;Nowa Wieś Lęborska;Grunwaldzka 36 (Przystanek)
Lęborski;Nowa Wieś Lęborska;Nowa Wieś Lęborska;Nowa Wieś Lęborska;Mostowa 27A(Warsztat)
Pomorskie;Pucki;Hel;Hel;Sikorskiego Pszok
Pomorskie;Pucki;Jastarnia;Jastarnia;Mickiewicza Pszok
Pomorskie;Pucki;Jastarnia;Jastarnia;Ogrodowa 58
Pomorskie;Pucki;Jastarnia;Jastarnia;Ogrodowa 64
Pomorskie;Pucki;Jastarnia;Kuźnica;Szynelewskiego 7
Pomorskie;Pucki;Władysławowo;Chłapowo;Władysławowska
Pomorskie;Pucki;Władysławowo;Jastrzębia Góra;Obrońców Westerplatte/Pucka
Pomorskie;Pucki;Władysławowo;Karwia;Kolorowa 8
Pomorskie;Pucki;Władysławowo;Ostrowo;Karwieńska 5
Pomorskie;Pucki;Władysławowo;Władysławowo;1000 - Lecia13
Pomorskie;Pucki;Władysławowo;Władysławowo;Harcerska 20
Pomorskie;Pucki;Władysławowo;Władysławowo;Jachtowa 9
Pomorskie;Pucki;Władysławowo;Władysławowo;Łąkowa 42
Pomorskie;Pucki;Władysławowo;Władysławowo;Przemysłowa/Młyńska
Pomorskie;Pucki;Władysławowo;Władysławowo;Reja/Przybyszewskiego
Pomorskie;Pucki;Władysławowo;Władysławowo;Róży Wiatrów 12
Pomorskie;Pucki;Władysławowo;Władysławowo;Rybacka 2
Pomorskie;Słupsk;Słupsk;Głobino;Głobino 51A
Pomorskie;Słupsk;Słupsk;Jezierzyce;Główna 4
Pomorskie;Słupsk;Słupsk;Słupsk;Andersa 12
Pomorskie;Słupsk;Słupsk;Słupsk;Cecorska 10
Pomorskie;Słupsk;Słupsk;Słupsk;Długosza 3
Pomorskie;Słupsk;Słupsk;Słupsk;Dmowskiego 2
Pomorskie;Słupsk;Słupsk;Słupsk;Frąckowskiego 1A
Pomorskie;Słupsk;Słupsk;Słupsk;Grzybowa
Pomorskie;Słupsk;Słupsk;Słupsk;Kołłątaja 21
Pomorskie;Słupsk;Słupsk;Słupsk;Kołłtaja 47
Pomorskie;Słupsk;Słupsk;Słupsk;Konarskiego 12
Pomorskie;Słupsk;Słupsk;Słupsk;Koszalińska 2
Pomorskie;Słupsk;Słupsk;Słupsk;Koszalińska 7
Pomorskie;Słupsk;Słupsk;Słupsk;Królowej Jadwigii 2
Pomorskie;Słupsk;Słupsk;Słupsk;Kulczyńskiego 1
Pomorskie;Słupsk;Słupsk;Słupsk;Lipowa 4
Pomorskie;Słupsk;Słupsk;Słupsk;Mickiewicza 45
Pomorskie;Słupsk;Słupsk;Słupsk;Mochnackiego 16
Pomorskie;Słupsk;Słupsk;Słupsk;Nad Śluzami 27
Pomorskie;Słupsk;Słupsk;Słupsk;Norwida 8
Pomorskie;Słupsk;Słupsk;Słupsk;Nowowiejska 1
Pomorskie;Słupsk;Słupsk;Słupsk;Puławskiego 9
Pomorskie;Słupsk;Słupsk;Słupsk;Rejtana 18
Pomorskie;Słupsk;Słupsk;Słupsk;Romera 2
Pomorskie;Słupsk;Słupsk;Słupsk;Roweckiego 5
Pomorskie;Słupsk;Słupsk;Słupsk;Słoneczna 2
Pomorskie;Słupsk;Słupsk;Słupsk;Sobieskiego 7
Pomorskie;Słupsk;Słupsk;Słupsk;Sobieskiego 9
Pomorskie;Słupsk;Słupsk;Słupsk;Sołdka Stanisława 9
Pomorskie;Słupsk;Słupsk;Słupsk;Szczecińska 55
Pomorskie;Słupsk;Słupsk;Słupsk;Szczecińska 61
Pomorskie;Słupsk;Słupsk;Słupsk;Wazów 3
Pomorskie;Słupsk;Słupsk;Słupsk;Witosa Wincentego 4
Pomorskie;Słupsk;Słupsk;Słupsk;Władysława Iv 7
Pomorskie;Słupsk;Słupsk;Słupsk;Wolności 3
Pomorskie;Słupsk;Słupsk;Słupsk;Zamborowskiej Marii 12
Pomorskie;Słupski;Damnica;Bobrowniki;Bobrowniki 20
Pomorskie;Słupski;Damnica;Damnica;Lipowa
Pomorskie;Słupski;Damnica;Damnica;Parkowa 2
Pomorskie;Słupski;Damnica;Damno;Damno 42F
Pomorskie;Słupski;Damnica;Mianowice;Mianowice 2D
Pomorskie;Słupski;Dębnica Kaszubska;Borzęcino;Borzęcino 29
Pomorskie;Słupski;Dębnica Kaszubska;Budowo;Budowo 22
Pomorskie;Słupski;Dębnica Kaszubska;Budowo;Budowo 70
Pomorskie;Słupski;Dębnica Kaszubska;Dębnica Kaszubska;Fabryczna 16
Pomorskie;Słupski;Dębnica Kaszubska;Dębnica Kaszubska;Hanny Sawickiej 13
Pomorskie;Słupski;Dębnica Kaszubska;Dębnica Kaszubska;Krótka 4
Pomorskie;Słupski;Dębnica Kaszubska;Dębnica Kaszubska;Lipowa 15
Pomorskie;Słupski;Dębnica Kaszubska;Dębnica Kaszubska;Zjednoczenia 48D
Pomorskie;Słupski;Dębnica Kaszubska;Dębnica Kaszubska;Słoneczna
Pomorskie;Słupski;Dębnica Kaszubska;Dobieszewo;Dobieszewo 34.
Pomorskie;Słupski;Dębnica Kaszubska;Gałęziów;Gałęziów 8
Pomorskie;Słupski;Dębnica Kaszubska;Gogolewo;Gogolewo 39A
Pomorskie;Słupski;Dębnica Kaszubska;Motarzyno;Motarzyno 23
Pomorskie;Słupski;Dębnica Kaszubska;Niepoględzie;Niepoględzie 27
Pomorskie;Słupski;Dębnica Kaszubska;Podole Małe;Podole Małe 5
Pomorskie;Słupski;Główczyce;Cecenowo;Cecenowo 26
Pomorskie;Słupski;Główczyce;Główczyce;Słupska 2B
Pomorskie;Słupski;Główczyce;Izbica;Izbica 5A
Pomorskie;Słupski;Główczyce;Pobłocie;Pobłocie 401/3
Pomorskie;Słupski;Główczyce;Pobłocie;Pobłocie 96
Pomorskie;Słupski;Główczyce;Wielka Wieś;Wielka Wieś 6
Pomorskie;Słupski;Główczyce;Żoruchowo;Żoruchowo 2
Pomorskie;Słupski;Główczyce;Żoruchowo;Żoruchowo 36
Pomorskie;Słupski;Kępice;Barcino;Barcino 46
Pomorskie;Słupski;Kępice;Barwino;Barwino 6
Pomorskie;Słupski;Kępice;Biesowice;Biesowice 21
Pomorskie;Słupski;Kępice;Biesowice;Biesowice 8B
Pomorskie;Słupski;Kępice;Ciecholub;Ciecholub 11
Pomorskie;Słupski;Kępice;Darnowo;Darnowo 12
Pomorskie;Słupski;Kępice;Kępice;Kruszka 4A
Pomorskie;Słupski;Kępice;Mzdowo;Mzdowo 23
Pomorskie;Słupski;Kępice;Osowo;Osowo 14
Pomorskie;Słupski;Kępice;Płocko;Płocko 25
Pomorskie;Słupski;Kępice;Pustowo;Pustowo 10
Pomorskie;Słupski;Kępice;Warcino;Warcino 45
Pomorskie;Słupski;Kobylnica;Kobylnica;Wodna 1
Pomorskie;Słupski;Kobylnica;Lubuń;Lubuń 27
Pomorskie;Słupski;Kobylnica;Łosino;Starowiejska 2A
Pomorskie;Słupski;Kobylnica;Sycewice;Sportowa 5
Pomorskie;Słupski;Kobylnica;Sycewice;Za Stawem 2
Pomorskie;Słupski;Kobylnica;Zajączkowo;Zajączkowo 13
Pomorskie;Słupski;Kobylnica;Zębowo;Zębowo 17
Pomorskie;Słupski;Smołdzino;Gardna Wielka;Wolności 10
Pomorskie;Słupski;Smołdzino;Smołdzino;Bohaterów Warszawy 24
Pomorskie;Słupski;Ustka;Machowino;Machowino 5A
Pomorskie;Słupski;Ustka;Objazda;Objazda 89-91
Pomorskie;Słupski;Ustka;Ustka;Kościelniaka 15
Pomorskie;Słupski;Ustka;Ustka;Polna 1C
Pomorskie;Słupski;Ustka;Wodnica;Modrzewiowa 8
Pomorskie;Słupski;Ustka;Zaleskie;Zaleskie 1 Pgr
Pomorskie;Starogardzki;Bobowo;Bobowo;Gimnazjalna
Pomorskie;Starogardzki;Bobowo;Bobowo;Gimnazjalna 10
Pomorskie;Starogardzki;Bobowo;Bobowo;Gimnazjalna 2
Pomorskie;Starogardzki;Bobowo;Bobowo;Jabłówko
Pomorskie;Starogardzki;Bobowo;Bobowo;Koscielna 1
Pomorskie;Starogardzki;Bobowo;Bobowo;Lasna 7
Pomorskie;Starogardzki;Bobowo;Bobowo;Rzeczna 5
Pomorskie;Starogardzki;Bobowo;Bobowo;Wysoka 84
Pomorskie;Starogardzki;Bobowo;Grabowiec;Grabowiec 29
Pomorskie;Starogardzki;Bobowo;Graowo;Graowo 58
Pomorskie;Starogardzki;Bobowo;Wysoka;Wysoka 23
Pomorskie;Starogardzki;Czarna Woda;Czarna Woda;Dworcowa 4
Pomorskie;Starogardzki;Czarna Woda;Czarna Woda;Huta Kalna Ul. Kociewska / Szkolna
Pomorskie;Starogardzki;Czarna Woda;Czarna Woda;Przepompownia
Pomorskie;Starogardzki;Czarna Woda;Lubiki;Przy Sklepie
Pomorskie;Starogardzki;Lubichowo;Lipinki Krolewskie;Słoneczna
Pomorskie;Starogardzki;Lubichowo;Lubichowo;Zblewska 8
Pomorskie;Starogardzki;Lubichowo;Ocypel;Kociewska 1
Pomorskie;Starogardzki;Lubichowo;Osowo Leśne;Główna 1
Pomorskie;Starogardzki;Lubichowo;Wda;Główna 33
Pomorskie;Starogardzki;Lubichowo;Wda;Główna/Szkolna
Pomorskie;Starogardzki;Lubichowo;Wda;Kościół
Pomorskie;Starogardzki;Lubichowo;Zelgoszcz;Główna 1
Pomorskie;Starogardzki;Osieczna;Klaniny;Klaniny 38 Sklep
Pomorskie;Starogardzki;Osieczna;Krówno-Duże;Pks
Pomorskie;Starogardzki;Osieczna;Osieczna;Plac Urzędu Gminy
Pomorskie;Starogardzki;Osieczna;Osieczna;Sienkiewicza 1
Pomorskie;Starogardzki;Osieczna;Osówek;Zbiornik Retencyjny
Pomorskie;Starogardzki;Osieczna;Szlachta;3 Maja 28
Pomorskie;Starogardzki;Osieczna;Szlachta;Ceramiczna 20
Pomorskie;Starogardzki;Osieczna;Szlachta;Os. Pelplińskiego-Cmentarz
Pomorskie;Starogardzki;Osieczna;Zimne Zdroje;Przy Placu Zabaw
Pomorskie;Starogardzki;Osiek;Kasparus;Kasparus
Pomorskie;Starogardzki;Osiek;Osiek;Osiek/Targowisko
Pomorskie;Starogardzki;Osiek;Osiek;Wyzwolenia:Targ
Pomorskie;Starogardzki;Osiek;Wycinki;Wycinki
Pomorskie;Starogardzki;Skórcz;Barłożno;Posesja Nr 101
Pomorskie;Starogardzki;Skórcz;Barłożno;Przy Kościele
Pomorskie;Starogardzki;Skórcz;Czarny Las;Parking
Pomorskie;Starogardzki;Skórcz;Nowy Bukowiec;Nowy Bukowiec 4
Pomorskie;Starogardzki;Skórcz;Paczewo;Paczewo 44
Pomorskie;Starogardzki;Skórcz;Paczewo;Paczewo 6
Pomorskie;Starogardzki;Skórcz;Skórcz;Ogrodowa Przy Blokach
Pomorskie;Starogardzki;Skórcz;Skórcz;Osiedlowa 8
Pomorskie;Starogardzki;Skórcz;Skórcz;Parkowa Na Terenie Targowiska
Pomorskie;Starogardzki;Skórcz;Skórcz;Pogodna/Konwaliowa
Pomorskie;Starogardzki;Skórcz;Skórcz;Schornaha Os. Młodych
Pomorskie;Starogardzki;Skórcz;Wolental;Wolental 15 C
Pomorskie;Starogardzki;Skórcz;Wolental;Wolental 19A
Pomorskie;Starogardzki;Smętowo Graniczne;Kościelna Jania;
Pomorskie;Starogardzki;Smętowo Graniczne;Smętowo Graniczne;Frąca
Pomorskie;Starogardzki;Smętowo Graniczne;Smętowo Graniczne;Frąca
Pomorskie;Starogardzki;Smętowo Graniczne;Smętowo Graniczne;Kamionka
Pomorskie;Starogardzki;Smętowo Graniczne;Smętowo Graniczne;Kopytkowo
Pomorskie;Starogardzki;Starogard Gdański;Starogard Gdański;3-Go Maja 12
Pomorskie;Starogardzki;Starogard Gdański;Starogard Gdański;3-Go Maja 19
Pomorskie;Starogardzki;Starogard Gdański;Starogard Gdański;60-Lecia 1
Pomorskie;Starogardzki;Starogard Gdański;Starogard Gdański;60-Lecia 11
Pomorskie;Starogardzki;Starogard Gdański;Starogard Gdański;60-Lecia 2
Pomorskie;Starogardzki;Starogard Gdański;Starogard Gdański;60-Lecia 3
Pomorskie;Starogardzki;Starogard Gdański;Starogard Gdański;60-Lecia 9
Pomorskie;Starogardzki;Starogard Gdański;Starogard Gdański;Bohaterów Getta 19
Pomorskie;Starogardzki;Starogard Gdański;Starogard Gdański;Bohaterów Getta 4
Pomorskie;Starogardzki;Starogard Gdański;Starogard Gdański;Chełmońskiego 18
Pomorskie;Starogardzki;Starogard Gdański;Starogard Gdański;Grunwaldzka 33-37
Pomorskie;Starogardzki;Starogard Gdański;Starogard Gdański;Grunwaldzka 37
Pomorskie;Starogardzki;Starogard Gdański;Starogard Gdański;I 3-Go Maja 5
Pomorskie;Starogardzki;Starogard Gdański;Starogard Gdański;Iwaszkiewicza 5
Pomorskie;Starogardzki;Starogard Gdański;Starogard Gdański;Juranta Ze Spychowa 3
Pomorskie;Starogardzki;Starogard Gdański;Starogard Gdański;Kociewska 6
Pomorskie;Starogardzki;Starogard Gdański;Starogard Gdański;Kociewska Tesco
Pomorskie;Starogardzki;Starogard Gdański;Starogard Gdański;Kolejowa 14
Pomorskie;Starogardzki;Starogard Gdański;Starogard Gdański;Kopernika 11A
Pomorskie;Starogardzki;Starogard Gdański;Starogard Gdański;Kopernika 32A
Pomorskie;Starogardzki;Starogard Gdański;Starogard Gdański;Krasickiego 4
Pomorskie;Starogardzki;Starogard Gdański;Starogard Gdański;Krasickiego/Traugutta
Pomorskie;Starogardzki;Starogard Gdański;Starogard Gdański;Nad Jarem 15
Pomorskie;Starogardzki;Starogard Gdański;Starogard Gdański;Nierzwickiego 1
Pomorskie;Starogardzki;Starogard Gdański;Starogard Gdański;Os. Piastów 8
Pomorskie;Starogardzki;Starogard Gdański;Starogard Gdański;Osiedlowa 5
Pomorskie;Starogardzki;Starogard Gdański;Starogard Gdański;Parkowa 4
Pomorskie;Starogardzki;Starogard Gdański;Starogard Gdański;Sadowa Boisko
Pomorskie;Starogardzki;Starogard Gdański;Starogard Gdański;Sadowa/Poprzeczna
Pomorskie;Starogardzki;Starogard Gdański;Starogard Gdański;Skalskiego 1
Pomorskie;Starogardzki;Starogard Gdański;Starogard Gdański;Skłodowskiej-Curie
Pomorskie;Starogardzki;Starogard Gdański;Starogard Gdański;Sobieskiego 18
Pomorskie;Starogardzki;Starogard Gdański;Starogard Gdański;Szumana 3
Pomorskie;Starogardzki;Starogard Gdański;Starogard Gdański;Ściegiennego 36
Pomorskie;Starogardzki;Starogard Gdański;Starogard Gdański;Ściegiennego 3A
Pomorskie;Starogardzki;Starogard Gdański;Starogard Gdański;Traugutta 36
Pomorskie;Starogardzki;Starogard Gdański;Starogard Gdański;Żeromskiego 18
Pomorskie;Starogardzki;Zblewo;Borzechowo;Lipowa 5A
Pomorskie;Starogardzki;Zblewo;Borzechowo;Posesja 8
Pomorskie;Starogardzki;Zblewo;Borzechowo;Szkolna 11
Pomorskie;Starogardzki;Zblewo;Pinczyn;Hoffmana 1
Pomorskie;Starogardzki;Zblewo;Pinczyn;Semlińska 39
Pomorskie;Starogardzki;Zblewo;Zblewo;Białachowo 8
Pomorskie;Starogardzki;Zblewo;Zblewo;Kleszczewo Kościerskie
Pomorskie;Starogardzki;Zblewo;Zblewo;Kleszczowo Kościerskie 42
Pomorskie;Starogardzki;Zblewo;Zblewo;Kościelna
Pomorskie;Starogardzki;Zblewo;Zblewo;Łąkowa 1B
Pomorskie;Starogardzki;Zblewo;Zblewo;Mały Bukowiec
Pomorskie;Starogardzki;Zblewo;Zblewo;Miradowo
Pomorskie;Starogardzki;Zblewo;Zblewo;Młyńska 8
Pomorskie;Starogardzki;Zblewo;Zblewo;Pałubinek 10
Pomorskie;Starogardzki;Zblewo;Zblewo;Piesienica 2
Pomorskie;Starogardzki;Zblewo;Zblewo;Plac 700-Lecia
Pomorskie;Starogardzki;Zblewo;Zblewo;Północna 23
Pomorskie;Starogardzki;Zblewo;Zblewo;Radziejowo 5
Pomorskie;Starogardzki;Zblewo;Zblewo;Semlin 59
Pomorskie;Starogardzki;Zblewo;Zblewo;Słoneczna/Akacjowa
Pomorskie;Starogardzki;Zblewo;Zblewo;Topolowa 4
Pomorskie;Sztumiński;Dzierzgoń;Dzierzgoń;3 Maja 8:
Pomorskie;Sztumiński;Dzierzgoń;Dzierźgoń;Elbląska Os. Jagiełły Zagroda Smietnikowa
Pomorskie;Sztumiński;Dzierzgoń;Dzierźgoń;Przemysłowa Za Blokiem Nr 9
Pomorskie;Sztumiński;Mikołajki Pomorskie;Mikołajki Pomorskie;Cieszymowo Plac Zabaw
Pomorskie;Sztumiński;Mikołajki Pomorskie;Mikołajki Pomorskie;Dworek Eco
Pomorskie;Sztumiński;Mikołajki Pomorskie;Mikołajki Pomorskie;Poczta
Pomorskie;Sztumiński;Stary Dzierzgoń;Lubochowo;Świetlica
Pomorskie;Sztumiński;Stary Dzierzgoń;Myślice;Świetlica
Pomorskie;Sztumiński;Stary Dzierzgoń;Przezmark;Przystanek Pks
Pomorskie;Sztumiński;Stary Dzierzgoń;Stare Miasto;Świetlica Na Przeciw Domu Sołtysa
Pomorskie;Sztumiński;Stary Dzierzgoń;Stary Dzierzgoń;Lubochowo 53 Pks
Pomorskie;Sztumiński;Stary Dzierzgoń;Stary Dzierzgoń;Stary Dzierzgoń Kościół
Pomorskie;Sztumiński;Stary Targ;Klecewo;Przystanek Mpk
Pomorskie;Sztumiński;Stary Targ;Mlecewo;Nr Domu 7
Pomorskie;Sztumiński;Stary Targ;Stary Targ;22 Lipca 2
Pomorskie;Sztumiński;Stary Targ;Stary Targ;Parking Koło Byłej Poczty
Pomorskie;Sztumiński;Stary Targ;Stary Targ;Za Przystankiem Mpk
Pomorskie;Sztumiński;Stary Targ;Stary Targ;Za Sklepem Margaretka
Pomorskie;Sztumiński;Stary Targ;Stary Targ;Gminny Ośrodek Kultury
Pomorskie;Sztumiński;Stary Targ;Szropy;Osiedle Zielonki
Pomorskie;Sztumiński;Stary Targ;Szropy;Straż Pożarna
Pomorskie;Sztumiński;Stary Targ;Szropy;Swietlica Wiejska
Pomorskie;Sztumiński;Stary Targ;Szropy;Szkoła Podstawowa
Pomorskie;Sztumiński;Stary Targ;Szropy;Droga Gminna
Pomorskie;Sztumiński;Stary Targ;Waplewo;Swietlica Wiejska
Pomorskie;Sztumiński;Stary Targ;Waplewo Wielkie;Szkoła Podstawowa
Pomorskie;Sztumiński;Stary Targ;Waplewo Wielkie;Bloki
Pomorskie;Sztumiński;Sztum;Sztum;Baczyńskiego 10 A
Pomorskie;Sztumiński;Sztum;Sztum;Lipowa Chełmińska
Pomorskie;Sztumiński;Sztum;Sztum;Mickiewicza 48A
Pomorskie;Sztumiński;Sztum;Sztum;Młyńska 12
Pomorskie;Sztumiński;Sztum;Sztum;Morawskiego 3
Pomorskie;Sztumiński;Sztum;Sztum;Nowowiejskiego 25/27
Pomorskie;Sztumiński;Sztum;Sztum;Os. Nad Jeziorem 11
Pomorskie;Sztumiński;Sztum;Sztum;Os. Nad Jeziorem 3
Pomorskie;Sztumiński;Sztum;Sztum;Os. Nad Jeziorem 5
Pomorskie;Sztumiński;Sztum;Sztum;Os. Różane 1
Pomorskie;Sztumiński;Sztum;Sztum;Os. Różane 10
Pomorskie;Sztumiński;Sztum;Sztum;Os. Różane 4D
Pomorskie;Sztumiński;Sztum;Sztum;Os. Różane 5
Pomorskie;Sztumiński;Sztum;Sztum;Osińskiego Wiata
Pomorskie;Sztumiński;Sztum;Sztum;Oś. Parkowe 2
Pomorskie;Sztumiński;Sztum;Sztum;Oś.Parkowe 4
Pomorskie;Sztumiński;Sztum;Sztum;Reja 21 D
Pomorskie;Sztumiński;Sztum;Sztum;Sierakowskich 13
Pomorskie;Sztumiński;Sztum;Sztum;Sierakowskich 21
Pomorskie;Sztumiński;Sztum;Sztum;Sierakowskich 3
Pomorskie;Tczewski;Gniew;Brody Pomorskie;Przystanek
Pomorskie;Tczewski;Gniew;Gniew;Behrendta 38
Pomorskie;Tczewski;Gniew;Gniew;Jeleń 24
Pomorskie;Tczewski;Gniew;Gniew;Kopernika 4
Pomorskie;Tczewski;Gniew;Gniew;Kusocińskiego 4
Pomorskie;Tczewski;Gniew;Gniew;Kusocińskiego 5
Pomorskie;Tczewski;Gniew;Gniew;Marii Konopnickiej 10
Pomorskie;Tczewski;Gniew;Gniew;Rybacka 9
Pomorskie;Tczewski;Gniew;Gniew;Wiślana 6
Pomorskie;Tczewski;Gniew;Gniew;Witosa 8
Pomorskie;Tczewski;Gniew;Gogolewo;Plac Zabaw
Pomorskie;Tczewski;Gniew;Nicponia;Os. Kazimierza 99
Pomorskie;Tczewski;Gniew;Szprudowo;Plac Zabaw
Pomorskie;Tczewski;Pelplin;Małe Walichnowy;Główna 26
Pomorskie;Tczewski;Subkowy;Gorzędziej;Krzyżówka Osp
Pomorskie;Tczewski;Subkowy;Radostowo;Pielgrzymów Osp
Pomorskie;Tczewski;Subkowy;Subkowy;Sportowa
Pomorskie;Tczewski;Subkowy;Subkowy;Wybickiego
Pomorskie;Tczewski;Tczew;Miłobądz;Wiejska Eco
Pomorskie;Tczewski;Tczew;Tczew;Al. Kociewska/Andersena
Pomorskie;Tczewski;Tczew;Tczew;Andersena
Pomorskie;Tczewski;Tczew;Tczew;Armi Krajowej 10B
Pomorskie;Tczewski;Tczew;Tczew;Armi Krajowej 6
Pomorskie;Tczewski;Tczew;Tczew;Broniewskiego
Pomorskie;Tczewski;Tczew;Tczew;Dokerów 19
Pomorskie;Tczewski;Tczew;Tczew;Grota Roweckiego
Pomorskie;Tczewski;Tczew;Tczew;Jurgo 10
Pomorskie;Tczewski;Tczew;Tczew;Kasztanowa 7
Pomorskie;Tczewski;Tczew;Tczew;Krucza 12
Pomorskie;Tczewski;Tczew;Tczew;Niepodległości 3
Pomorskie;Tczewski;Tczew;Tczew;Ogrodowa 13
Pomorskie;Tczewski;Tczew;Tczew;Pionierów/Bosmańska
Pomorskie;Tczewski;Tczew;Tczew;Prosta
Pomorskie;Tczewski;Tczew;Tczew;Sadowa
Pomorskie;Tczewski;Tczew;Tczew;Stanisławskiego 1
Pomorskie;Tczewski;Tczew;Tczew;Tetmajera 1
Pomorskie;Tczewski;Tczew;Tczew;Tetmajera 2
Pomorskie;Tczewski;Tczew;Tczew;Tetmajera 3
Pomorskie;Tczewski;Tczew;Tczew;Traugutta 6
Pomorskie;Tczewski;Tczew;Tczew;Wąska 42
Pomorskie;Tczewski;Tczew;Tczew;Wojska Polskiego 9
Pomorskie;Tczewski;Tczew;Tczew;Wyzwolenia 2
Pomorskie;Wejherowski;Choczewo;Choczewo;Janusza Kusińskiego 3 (Szkolny Przystanek)
Pomorskie;Wejherowski;Choczewo;Choczewo;Janusza Kusińskiego 8
Pomorskie;Wejherowski;Choczewo;Choczewo;Pierwszych Osadników 37
Pomorskie;Wejherowski;Choczewo;Choczewo;Pucka 12
Pomorskie;Wejherowski;Choczewo;Starbienino;Starbienino 8
Pomorskie;Wejherowski;Choczewo;Zwartowo;Zwartowo 16
Pomorskie;Wejherowski;Gniewino;Gniewino;Czymanowo 15,Eko
Pomorskie;Wejherowski;Gniewino;Gniewino;Czymanowo, Eko
Pomorskie;Wejherowski;Gniewino;Gniewino;Ogrodowa 19
Pomorskie;Wejherowski;Gniewino;Gniewino;Rybno, Pętla Pks
Pomorskie;Wejherowski;Gniewino;Gniewino;Strzebielinko, Pks
Pomorskie;Wejherowski;Gniewino;Gniewino;Tadzino 10
Pomorskie;Wejherowski;Gniewino;Gniewino;Toliszczek 21 Eko
Pomorskie;Wejherowski;Gniewino;Opalino;Opalino 8: Przy Pojemnikach Eco
Pomorskie;Wejherowski;Linia;Linia;Turystyczna 1
Pomorskie;Wejherowski;Linia;Linia;Zakrzewo Szkoła
Pomorskie;Wejherowski;Linia;Niepoczołowice;Przystanek-Parking
Pomorskie;Wejherowski;Linia;Smażyno;Kosciol
Pomorskie;Wejherowski;Linia;Strzepcz;Miotka/Lipowa
Pomorskie;Wejherowski;Luzino;Barłomino;Ks J Twardowskiego: Sklep Abc
Pomorskie;Wejherowski;Luzino;Dąbrówka;Ppłk R. Lubowiedzkiego 16
Pomorskie;Wejherowski;Luzino;Kochanowo;Borysiewicza 1
Pomorskie;Wejherowski;Luzino;Luzino;Ofiar Stutthofu 14:Gok
Pomorskie;Wejherowski;Luzino;Luzino;Ofiar Stutthofu: Na Przecie Nr 60
Pomorskie;Wejherowski;Luzino;Luzino;Przemysłowa 13:Szok
Pomorskie;Wejherowski;Luzino;Milwino;Strażacka 5
Pomorskie;Wejherowski;Luzino;Robakowo;Lewińskiego: Za Szkołą
Pomorskie;Wejherowski;Luzino;Sychowo;Kaszubska 3
Pomorskie;Wejherowski;Luzino;Sychowo;Sychowo 9 Ujęcie Wody
Pomorskie;Wejherowski;Luzino;Zalewo;Długa 31: Osp
Pomorskie;Wejherowski;Łęczyce;Bożepole Wielkie;Bożepole Wielkie:Parking Plebani
Pomorskie;Wejherowski;Łęczyce;Bożepole Wielkie;Osiedlowa 22
Pomorskie;Wejherowski;Łęczyce;Bożepole Wielkie;Osiedlowa 24
Pomorskie;Wejherowski;Łęczyce;Bożepole Wielkie;Osiedlowa 8
Pomorskie;Wejherowski;Łęczyce;Brzeźno Lęborskie;Bloki
Pomorskie;Wejherowski;Łęczyce;Brzeźno Lęborskie;Brzeźno Lęborskie: Przy Sklepie
Pomorskie;Wejherowski;Łęczyce;Dzięcielec;Dzięcielec: Przy Kościele
Pomorskie;Wejherowski;Łęczyce;Dzięcielec;Przy Blokach
Pomorskie;Wejherowski;Łęczyce;Nawcz;Nawcz:Parking Przy Kościele
Pomorskie;Wejherowski;Łęczyce;Popowo;Popowo: Parking Przy Kościele
Pomorskie;Wejherowski;Łęczyce;Rozłazino;Długa 27
Pomorskie;Wejherowski;Łęczyce;Rozłazino;Kwiatowa
Pomorskie;Wejherowski;Łęczyce;Wysokie;Wysokie 4A Sklep
Pomorskie;Wejherowski;Reda;Reda;Łąkowa 22
Pomorskie;Wejherowski;Reda;Reda;Łąkowa 29A
Pomorskie;Wejherowski;Rumia;Rumia;Dębogórska53 Wiata Śmietnikowa
Pomorskie;Wejherowski;Rumia;Rumia;Kombatantów 17
Pomorskie;Wejherowski;Rumia;Rumia;Kombatantów 17 (Traffo)
Pomorskie;Wejherowski;Rumia;Rumia;Kujawska 15
Pomorskie;Wejherowski;Rumia;Rumia;Piłsudskiego Traffo
Pomorskie;Wejherowski;Rumia;Rumia;Stoczniowców 7
Pomorskie;Wejherowski;Rumia;Rumia;Szancera/Kamienna 36
Pomorskie;Wejherowski;Rumia;Rumia;Towarowa/Pułkownika Dąbka
Pomorskie;Wejherowski;Szemud;Bojano;Aleksandra Majkowskiego 9
Pomorskie;Wejherowski;Szemud;Bojano;Generała Józefa Wybickiego 16
Pomorskie;Wejherowski;Szemud;Bojano;Generała Józefa Wybickiego 17
Pomorskie;Wejherowski;Szemud;Bojano;Starowiejska 6
Pomorskie;Wejherowski;Szemud;Bojano;Wąwelska 1(Parking Koscioła)
Pomorskie;Wejherowski;Szemud;Donimierz;Otałżyńska: Przy Sklepie
Pomorskie;Wejherowski;Szemud;Kielno;Mokra 5
Pomorskie;Wejherowski;Szemud;Kielno;Szkolna 4
Pomorskie;Wejherowski;Szemud;Kielno;Szkolna 5
Pomorskie;Wejherowski;Szemud;Koleczkowo;Partyzantów Kaszubskich 1
Pomorskie;Wejherowski;Szemud;Łebno;Ul. Strażacka: Parking Za Cmentarzem
Pomorskie;Wejherowski;Szemud;Przetoczyno;Pomorska
Pomorskie;Wejherowski;Szemud;Przetoczyno;Wiatrowa: Przy Sklepie
Pomorskie;Wejherowski;Szemud;Szemud;Wejherowska 50, Parking
Pomorskie;Wejherowski;Szemud;Szemud;Wejherowska 96 (Parking Cmentarz)
Pomorskie;Wejherowski;Szemud;Szemud;Władysława Reymonta 1
Pomorskie;Wejherowski;Szemud;Warzno;Graniczna 35
